{
"Whindersson Nunes": 45.000000,
"Felipe Neto": 45.000000,
"Canal KondZilla": 67.000000
}